-- MySQL dump 10.13  Distrib 5.7.21, for Linux (x86_64)
--
-- Host: localhost    Database: it635
-- ------------------------------------------------------
-- Server version	5.7.21-0ubuntu0.16.04.1

/*!40101 SET @OLD_CHARACTER_SET_CLIENT=@@CHARACTER_SET_CLIENT */;
/*!40101 SET @OLD_CHARACTER_SET_RESULTS=@@CHARACTER_SET_RESULTS */;
/*!40101 SET @OLD_COLLATION_CONNECTION=@@COLLATION_CONNECTION */;
/*!40101 SET NAMES utf8 */;
/*!40103 SET @OLD_TIME_ZONE=@@TIME_ZONE */;
/*!40103 SET TIME_ZONE='+00:00' */;
/*!40014 SET @OLD_UNIQUE_CHECKS=@@UNIQUE_CHECKS, UNIQUE_CHECKS=0 */;
/*!40014 SET @OLD_FOREIGN_KEY_CHECKS=@@FOREIGN_KEY_CHECKS, FOREIGN_KEY_CHECKS=0 */;
/*!40101 SET @OLD_SQL_MODE=@@SQL_MODE, SQL_MODE='NO_AUTO_VALUE_ON_ZERO' */;
/*!40111 SET @OLD_SQL_NOTES=@@SQL_NOTES, SQL_NOTES=0 */;

--
-- Current Database: `it635`
--

CREATE DATABASE /*!32312 IF NOT EXISTS*/ `it635` /*!40100 DEFAULT CHARACTER SET latin1 */;

USE `it635`;

--
-- Table structure for table `department`
--

DROP TABLE IF EXISTS `department`;
/*!40101 SET @saved_cs_client     = @@character_set_client */;
/*!40101 SET character_set_client = utf8 */;
CREATE TABLE `department` (
  `department_id` int(11) NOT NULL AUTO_INCREMENT,
  `department_name` varchar(100) NOT NULL,
  `street_address` varchar(100) NOT NULL,
  `city` varchar(100) NOT NULL,
  `state` varchar(100) NOT NULL,
  `zip` varchar(5) NOT NULL,
  PRIMARY KEY (`department_id`)
) ENGINE=InnoDB AUTO_INCREMENT=7 DEFAULT CHARSET=latin1;
/*!40101 SET character_set_client = @saved_cs_client */;

--
-- Dumping data for table `department`
--

LOCK TABLES `department` WRITE;
/*!40000 ALTER TABLE `department` DISABLE KEYS */;
INSERT INTO `department` VALUES (1,'police','10 central street','newark','nj','07102'),(2,'human_resource','55 central street','newark','nj','07102'),(3,'administration','69 central street','newark','nj','07102'),(4,'legal','10 broad street','newark','nj','07102'),(5,'treasury','89 senesy street','newark','nj','07102'),(6,'Housing','9 Panpan street','newark','nj','07102');
/*!40000 ALTER TABLE `department` ENABLE KEYS */;
UNLOCK TABLES;

--
-- Table structure for table `document`
--

DROP TABLE IF EXISTS `document`;
/*!40101 SET @saved_cs_client     = @@character_set_client */;
/*!40101 SET character_set_client = utf8 */;
CREATE TABLE `document` (
  `doc_id` int(11) NOT NULL AUTO_INCREMENT,
  `date_created` varchar(100) NOT NULL,
  `description` varchar(40) NOT NULL,
  `doc_location` varchar(100) NOT NULL,
  `employee_id` int(11) NOT NULL,
  PRIMARY KEY (`doc_id`),
  KEY `employee_id` (`employee_id`),
  CONSTRAINT `document_ibfk_1` FOREIGN KEY (`employee_id`) REFERENCES `employee` (`employee_id`)
) ENGINE=InnoDB AUTO_INCREMENT=10 DEFAULT CHARSET=latin1;
/*!40101 SET character_set_client = @saved_cs_client */;

--
-- Dumping data for table `document`
--

LOCK TABLES `document` WRITE;
/*!40000 ALTER TABLE `document` DISABLE KEYS */;
INSERT INTO `document` VALUES (1,'02_29_18','legal','central street',1),(2,'02_29_18','administration','main street',2),(3,'02_29_18','human resource','gurley street',3),(4,'02_29_18','police','buck street',4),(5,'02_29_18','driver','front street',3),(6,'03_05_18','Section 8','water street',6),(7,'03_05_18','Section 8','water street',6),(8,'03_05_18','Taxi','water street',5),(9,'03_06_18','test','water street',2);
/*!40000 ALTER TABLE `document` ENABLE KEYS */;
UNLOCK TABLES;

--
-- Table structure for table `employee`
--

DROP TABLE IF EXISTS `employee`;
/*!40101 SET @saved_cs_client     = @@character_set_client */;
/*!40101 SET character_set_client = utf8 */;
CREATE TABLE `employee` (
  `employee_id` int(11) NOT NULL AUTO_INCREMENT,
  `firstname` varchar(100) NOT NULL,
  `lastname` varchar(40) NOT NULL,
  `email` varchar(100) NOT NULL,
  `department` int(11) NOT NULL,
  `username` varchar(50) NOT NULL,
  `password` varchar(256) NOT NULL,
  PRIMARY KEY (`employee_id`),
  KEY `department` (`department`),
  CONSTRAINT `employee_ibfk_1` FOREIGN KEY (`department`) REFERENCES `department` (`department_id`)
) ENGINE=InnoDB AUTO_INCREMENT=7 DEFAULT CHARSET=latin1;
/*!40101 SET character_set_client = @saved_cs_client */;

--
-- Dumping data for table `employee`
--

LOCK TABLES `employee` WRITE;
/*!40000 ALTER TABLE `employee` DISABLE KEYS */;
INSERT INTO `employee` VALUES (1,'JOHN','SMITH','USER1@EMAIL.COM',1,'jsmith','jsmith'),(2,'PETER','STEAK','PSTEAK@EMAIL.COM',2,'psteak','psteak'),(3,'TRENT','TUCKER','TTUCKER@EMAIL.COM',3,'ttucker','ttucker'),(4,'BUSH','MAN','BMAN@EMAIL.COM',4,'bman','bman'),(5,'BRENT','BURNER','BBURNER@EMAIL.COM',5,'bburner','bburner'),(6,'DUD','CHRIS','CDUD@EMAIL.COM',6,'cdud','cdud');
/*!40000 ALTER TABLE `employee` ENABLE KEYS */;
UNLOCK TABLES;

--
-- Table structure for table `manager`
--

DROP TABLE IF EXISTS `manager`;
/*!40101 SET @saved_cs_client     = @@character_set_client */;
/*!40101 SET character_set_client = utf8 */;
CREATE TABLE `manager` (
  `manager_id` int(11) NOT NULL,
  `department_id` int(11) NOT NULL,
  PRIMARY KEY (`department_id`,`manager_id`),
  KEY `manager_id` (`manager_id`),
  CONSTRAINT `manager_ibfk_1` FOREIGN KEY (`manager_id`) REFERENCES `employee` (`employee_id`),
  CONSTRAINT `manager_ibfk_2` FOREIGN KEY (`department_id`) REFERENCES `department` (`department_id`)
) ENGINE=InnoDB DEFAULT CHARSET=latin1;
/*!40101 SET character_set_client = @saved_cs_client */;

--
-- Dumping data for table `manager`
--

LOCK TABLES `manager` WRITE;
/*!40000 ALTER TABLE `manager` DISABLE KEYS */;
INSERT INTO `manager` VALUES (1,2),(2,3),(3,4),(4,1);
/*!40000 ALTER TABLE `manager` ENABLE KEYS */;
UNLOCK TABLES;
/*!40103 SET TIME_ZONE=@OLD_TIME_ZONE */;

/*!40101 SET SQL_MODE=@OLD_SQL_MODE */;
/*!40014 SET FOREIGN_KEY_CHECKS=@OLD_FOREIGN_KEY_CHECKS */;
/*!40014 SET UNIQUE_CHECKS=@OLD_UNIQUE_CHECKS */;
/*!40101 SET CHARACTER_SET_CLIENT=@OLD_CHARACTER_SET_CLIENT */;
/*!40101 SET CHARACTER_SET_RESULTS=@OLD_CHARACTER_SET_RESULTS */;
/*!40101 SET COLLATION_CONNECTION=@OLD_COLLATION_CONNECTION */;
/*!40111 SET SQL_NOTES=@OLD_SQL_NOTES */;

-- Dump completed on 2018-03-07  1:01:38
